{
    "mean": {
        "\u25b6 -> O_Create Offer": 118.93416927899686,
        "O_Create Offer -> O_Created": 118.93416927899686,
        "O_Created -> O_Sent (mail and online)": 109.79937304075236,
        "O_Sent (mail and online) -> O_Cancelled": 41.93730407523511,
        "O_Cancelled -> \u25a0": 58.76175548589342,
        "O_Sent (mail and online) -> O_Returned": 60.592476489028215,
        "O_Returned -> O_Accepted": 47.77742946708464,
        "O_Accepted -> \u25a0": 48.495297805642636,
        "O_Created -> O_Cancelled": 3.3260188087774294,
        "O_Created -> O_Sent (online only)": 5.605015673981192,
        "O_Sent (online only) -> O_Returned": 2.8495297805642634,
        "O_Returned -> O_Refused": 9.931034482758621,
        "O_Refused -> \u25a0": 13.153605015673982,
        "O_Sent (mail and online) -> O_Refused": 2.5172413793103448,
        "O_Returned -> O_Cancelled": 6.5579937304075235,
        "O_Sent (online only) -> O_Cancelled": 2.376175548589342,
        "O_Returned -> \u25a0": 0.03761755485893417,
        "O_Sent (online only) -> O_Refused": 0.2507836990595611,
        "O_Created -> O_Refused": 0.16614420062695925,
        "O_Sent (mail and online) -> \u25a0": 0.05329153605015674,
        "O_Sent (online only) -> \u25a0": 0.003134796238244514
    },
    "std": {
        "\u25b6 -> O_Create Offer": 70.71164799467059,
        "O_Create Offer -> O_Created": 70.71164799467059,
        "O_Created -> O_Sent (mail and online)": 66.51602067092557,
        "O_Sent (mail and online) -> O_Cancelled": 33.652718921691054,
        "O_Cancelled -> \u25a0": 44.62294490509247,
        "O_Sent (mail and online) -> O_Returned": 36.00126753287309,
        "O_Returned -> O_Accepted": 35.21315137629076,
        "O_Accepted -> \u25a0": 61.1875080497797,
        "O_Created -> O_Cancelled": 2.626721683901163,
        "O_Created -> O_Sent (online only)": 4.168703392117463,
        "O_Sent (online only) -> O_Returned": 2.5233360103176268,
        "O_Returned -> O_Refused": 7.840485713403074,
        "O_Refused -> \u25a0": 9.92954319986384,
        "O_Sent (mail and online) -> O_Refused": 3.031104564643779,
        "O_Returned -> O_Cancelled": 5.6067897730973515,
        "O_Sent (online only) -> O_Cancelled": 2.2197363250470903,
        "O_Returned -> \u25a0": 0.2349132674262364,
        "O_Sent (online only) -> O_Refused": 0.6192339152097689,
        "O_Created -> O_Refused": 0.4277863062264601,
        "O_Sent (mail and online) -> \u25a0": 0.2635870357799885,
        "O_Sent (online only) -> \u25a0": 0.05598925109558544
    },
    "min": {
        "\u25b6 -> O_Create Offer": 0,
        "O_Create Offer -> O_Created": 0,
        "O_Created -> O_Sent (mail and online)": 0,
        "O_Sent (mail and online) -> O_Cancelled": 0,
        "O_Cancelled -> \u25a0": 3,
        "O_Sent (mail and online) -> O_Returned": 0,
        "O_Returned -> O_Accepted": 0,
        "O_Accepted -> \u25a0": 0,
        "O_Created -> O_Cancelled": 0,
        "O_Created -> O_Sent (online only)": 0,
        "O_Sent (online only) -> O_Returned": 0,
        "O_Returned -> O_Refused": 0,
        "O_Refused -> \u25a0": 0,
        "O_Sent (mail and online) -> O_Refused": 0,
        "O_Returned -> O_Cancelled": 0,
        "O_Sent (online only) -> O_Cancelled": 0,
        "O_Returned -> \u25a0": 0,
        "O_Sent (online only) -> O_Refused": 0,
        "O_Created -> O_Refused": 0,
        "O_Sent (mail and online) -> \u25a0": 0,
        "O_Sent (online only) -> \u25a0": 0
    },
    "max": {
        "\u25b6 -> O_Create Offer": 571,
        "O_Create Offer -> O_Created": 571,
        "O_Created -> O_Sent (mail and online)": 558,
        "O_Sent (mail and online) -> O_Cancelled": 375,
        "O_Cancelled -> \u25a0": 459,
        "O_Sent (mail and online) -> O_Returned": 151,
        "O_Returned -> O_Accepted": 131,
        "O_Accepted -> \u25a0": 472,
        "O_Created -> O_Cancelled": 12,
        "O_Created -> O_Sent (online only)": 19,
        "O_Sent (online only) -> O_Returned": 13,
        "O_Returned -> O_Refused": 38,
        "O_Refused -> \u25a0": 43,
        "O_Sent (mail and online) -> O_Refused": 35,
        "O_Returned -> O_Cancelled": 26,
        "O_Sent (online only) -> O_Cancelled": 10,
        "O_Returned -> \u25a0": 2,
        "O_Sent (online only) -> O_Refused": 7,
        "O_Created -> O_Refused": 2,
        "O_Sent (mail and online) -> \u25a0": 2,
        "O_Sent (online only) -> \u25a0": 1
    }
}