{
    "mean": {
        "\u25b6 -> \u25b6": 32.688550586742785,
        "\u25b6 -> Create Fine": 32.701554075483664,
        "Create Fine -> Send Fine": 21.68569616238503,
        "Send Fine -> \u25a0": 5.177925784966698,
        "\u25a0 -> \u25a0": 32.79194418014589,
        "Send Fine -> Insert Fine Notification": 16.561370123691724,
        "Insert Fine Notification -> Add penalty": 14.83698065334602,
        "Add penalty -> Send for Credit Collection": 9.624167459562322,
        "Send for Credit Collection -> \u25a0": 11.996828417380273,
        "Add penalty -> Payment": 3.888677450047574,
        "Payment -> \u25a0": 15.077069457659372,
        "Insert Fine Notification -> Insert Date Appeal to Prefecture": 0.6964795432921027,
        "Insert Date Appeal to Prefecture -> Add penalty": 0.6393910561370124,
        "Add penalty -> Send Appeal to Prefecture": 0.5264827148747225,
        "Send Appeal to Prefecture -> \u25a0": 0.545512210593086,
        "Create Fine -> Payment": 10.91500158579131,
        "Payment -> Payment": 0.7646685696162385,
        "Add penalty -> Insert Date Appeal to Prefecture": 0.11798287345385347,
        "Insert Date Appeal to Prefecture -> Send Appeal to Prefecture": 0.1779257849666984,
        "Payment -> Send for Credit Collection": 0.26990168093878847,
        "Send Appeal to Prefecture -> Receive Result Appeal from Prefecture": 0.10053916904535364,
        "Receive Result Appeal from Prefecture -> Notify Result Appeal to Offender": 0.14811290834126228,
        "Notify Result Appeal to Offender -> Payment": 0.07611798287345385,
        "Send Fine -> Payment": 0.5499524262607041,
        "Insert Fine Notification -> Payment": 0.8182683158896289,
        "Payment -> Add penalty": 0.8271487472248652,
        "Payment -> Send Fine": 0.10307643514113543,
        "Notify Result Appeal to Offender -> Appeal to Judge": 0.02315255312400888,
        "Appeal to Judge -> \u25a0": 0.0272756105296543,
        "Send Appeal to Prefecture -> Add penalty": 0.05772280367903584,
        "Add penalty -> Receive Result Appeal from Prefecture": 0.056137012369172214,
        "Notify Result Appeal to Offender -> Send for Credit Collection": 0.04376784015223597,
        "Insert Fine Notification -> Appeal to Judge": 0.07833809070726293,
        "Appeal to Judge -> Add penalty": 0.07833809070726293,
        "Send Fine -> Insert Date Appeal to Prefecture": 0.0260069774817634,
        "Add penalty -> \u25a0": 1.9682841738027275,
        "Appeal to Judge -> Payment": 0.011100539169045354,
        "Add penalty -> Appeal to Judge": 0.016492229622581667,
        "Notify Result Appeal to Offender -> \u25a0": 0.004757373929590866,
        "\u25b6 -> Send for Credit Collection": 0.003805899143672693,
        "Receive Result Appeal from Prefecture -> \u25a0": 0.008880431335236283,
        "Payment -> Insert Fine Notification": 0.006343165239454488,
        "\u25b6 -> Payment": 0.0003171582619727244
    },
    "std": {
        "\u25b6 -> \u25b6": 28.990733229062844,
        "\u25b6 -> Create Fine": 28.985261014636762,
        "Create Fine -> Send Fine": 21.270537439728965,
        "Send Fine -> \u25a0": 29.333875704440146,
        "\u25a0 -> \u25a0": 267.3599599725136,
        "Send Fine -> Insert Fine Notification": 90.29317093733843,
        "Insert Fine Notification -> Add penalty": 36.17718578871696,
        "Add penalty -> Send for Credit Collection": 26.99606122825944,
        "Send for Credit Collection -> \u25a0": 264.60859177799284,
        "Add penalty -> Payment": 11.002479038041601,
        "Payment -> \u25a0": 13.436472450640078,
        "Insert Fine Notification -> Insert Date Appeal to Prefecture": 2.131058913976362,
        "Insert Date Appeal to Prefecture -> Add penalty": 1.250505942130329,
        "Add penalty -> Send Appeal to Prefecture": 1.7256315232309625,
        "Send Appeal to Prefecture -> \u25a0": 2.983122948300287,
        "Create Fine -> Payment": 9.626251985700003,
        "Payment -> Payment": 1.1736024303604726,
        "Add penalty -> Insert Date Appeal to Prefecture": 0.49557380059742207,
        "Insert Date Appeal to Prefecture -> Send Appeal to Prefecture": 0.5400177528789313,
        "Payment -> Send for Credit Collection": 0.644016206976258,
        "Send Appeal to Prefecture -> Receive Result Appeal from Prefecture": 0.5323092480884345,
        "Receive Result Appeal from Prefecture -> Notify Result Appeal to Offender": 0.7048218786676895,
        "Notify Result Appeal to Offender -> Payment": 0.36142154653391323,
        "Send Fine -> Payment": 11.288869435239693,
        "Insert Fine Notification -> Payment": 3.1882989067998917,
        "Payment -> Add penalty": 1.8024936959306057,
        "Payment -> Send Fine": 0.42506350622088535,
        "Notify Result Appeal to Offender -> Appeal to Judge": 0.1912670346930187,
        "Appeal to Judge -> \u25a0": 0.17052313645964556,
        "Send Appeal to Prefecture -> Add penalty": 0.467705290891267,
        "Add penalty -> Receive Result Appeal from Prefecture": 0.34310824904360654,
        "Notify Result Appeal to Offender -> Send for Credit Collection": 0.26416713655173873,
        "Insert Fine Notification -> Appeal to Judge": 0.36747979484293547,
        "Appeal to Judge -> Add penalty": 0.317454627036592,
        "Send Fine -> Insert Date Appeal to Prefecture": 0.6568333285735253,
        "Add penalty -> \u25a0": 10.247242237922906,
        "Appeal to Judge -> Payment": 0.14753847593443062,
        "Add penalty -> Appeal to Judge": 0.14595041668522815,
        "Notify Result Appeal to Offender -> \u25a0": 0.07749373519597817,
        "\u25b6 -> Send for Credit Collection": 0.11258714787313216,
        "Receive Result Appeal from Prefecture -> \u25a0": 0.11230079362835736,
        "Payment -> Insert Fine Notification": 0.07940358401591563,
        "\u25b6 -> Payment": 0.01780893769916549
    },
    "min": {
        "\u25b6 -> \u25b6": 0,
        "\u25b6 -> Create Fine": 0,
        "Create Fine -> Send Fine": 0,
        "Send Fine -> \u25a0": 0,
        "\u25a0 -> \u25a0": 0,
        "Send Fine -> Insert Fine Notification": 0,
        "Insert Fine Notification -> Add penalty": 0,
        "Add penalty -> Send for Credit Collection": 0,
        "Send for Credit Collection -> \u25a0": 0,
        "Add penalty -> Payment": 0,
        "Payment -> \u25a0": 0,
        "Insert Fine Notification -> Insert Date Appeal to Prefecture": 0,
        "Insert Date Appeal to Prefecture -> Add penalty": 0,
        "Add penalty -> Send Appeal to Prefecture": 0,
        "Send Appeal to Prefecture -> \u25a0": 0,
        "Create Fine -> Payment": 0,
        "Payment -> Payment": 0,
        "Add penalty -> Insert Date Appeal to Prefecture": 0,
        "Insert Date Appeal to Prefecture -> Send Appeal to Prefecture": 0,
        "Payment -> Send for Credit Collection": 0,
        "Send Appeal to Prefecture -> Receive Result Appeal from Prefecture": 0,
        "Receive Result Appeal from Prefecture -> Notify Result Appeal to Offender": 0,
        "Notify Result Appeal to Offender -> Payment": 0,
        "Send Fine -> Payment": 0,
        "Insert Fine Notification -> Payment": 0,
        "Payment -> Add penalty": 0,
        "Payment -> Send Fine": 0,
        "Notify Result Appeal to Offender -> Appeal to Judge": 0,
        "Appeal to Judge -> \u25a0": 0,
        "Send Appeal to Prefecture -> Add penalty": 0,
        "Add penalty -> Receive Result Appeal from Prefecture": 0,
        "Notify Result Appeal to Offender -> Send for Credit Collection": 0,
        "Insert Fine Notification -> Appeal to Judge": 0,
        "Appeal to Judge -> Add penalty": 0,
        "Send Fine -> Insert Date Appeal to Prefecture": 0,
        "Add penalty -> \u25a0": 0,
        "Appeal to Judge -> Payment": 0,
        "Add penalty -> Appeal to Judge": 0,
        "Notify Result Appeal to Offender -> \u25a0": 0,
        "\u25b6 -> Send for Credit Collection": 0,
        "Receive Result Appeal from Prefecture -> \u25a0": 0,